Date,Open,High,Low,Close,Volume,Adj Close
1/4/1982,22.125001,22.125001,22,22,17813600,0.333894
1/5/1982,21.125,21.125,20.875,20.875,8960000,0.31682
1/6/1982,20.749999,20.749999,20.625,20.625,16520000,0.313026
1/7/1982,19.25,19.25,18.999999,18.999999,17511200,0.288363
1/8/1982,19.874999,20,19.874999,19.874999,14151200,0.301643
1/11/1982,18.75,18.75,18.625001,18.625001,8332800,0.282672
1/12/1982,18.124999,18.124999,18,18,14980000,0.273186
1/13/1982,18,18,17.875,17.875,10438400,0.271289
1/14/1982,18.75,18.875,18.75,18.75,6428800,0.284569
1/15/1982,20,20.25,20,20,11676000,0.30354
1/18/1982,20.375001,20.625,20.375001,20.375001,7000000,0.309232
1/19/1982,20.125,20.125,19.874999,19.874999,13876800,0.301643
1/20/1982,20.25,20.375001,20.25,20.25,6456800,0.307335
1/21/1982,20.625,20.749999,20.625,20.625,8332800,0.313026
1/22/1982,20.749999,20.875,20.749999,20.749999,6064800,0.314923
1/25/1982,20.25,20.25,20.125,20.125,11177600,0.305437
1/26/1982,19.625,19.625,19.375,19.375,5303200,0.294055
1/27/1982,19.500001,19.75,19.500001,19.500001,7840000,0.295952
1/28/1982,20.125,20.25,20.125,20.125,9900800,0.305437
1/29/1982,20.375001,20.5,20.375001,20.375001,13288800,0.309232
2/1/1982,20.375001,20.375001,20.125,20.125,9632000,0.305437
2/2/1982,20.25,20.5,20.25,20.25,13568800,0.307335
2/3/1982,20.25,20.375001,20.25,20.25,7868000,0.307335
2/4/1982,19.874999,19.874999,19.75,19.75,5510400,0.299746
2/5/1982,19.75,19.874999,19.75,19.75,10074400,0.299746
2/8/1982,18.625001,18.625001,18.5,18.5,7924000,0.280775
2/9/1982,18.5,18.625001,18.5,18.5,14476000,0.280775
2/10/1982,18.75,18.875,18.75,18.75,9699200,0.284569
2/11/1982,18.625001,18.625001,18.5,18.5,6132000,0.280775
2/12/1982,18.75,18.875,18.75,18.75,4911200,0.284569
2/16/1982,18.5,18.5,18.375,18.375,8579200,0.278878
2/17/1982,18.625001,18.75,18.625001,18.625001,6395200,0.282672
2/18/1982,18.875,18.999999,18.875,18.875,7095200,0.286466
2/19/1982,18.875,18.875,18.75,18.75,3399200,0.284569
2/22/1982,18.625001,18.625001,18.5,18.5,6658400,0.280775
2/23/1982,18.375,18.375,18.25,18.25,8635200,0.276981
2/24/1982,18.375,18.5,18.375,18.375,9486400,0.278878
2/25/1982,18.375,18.375,18.25,18.25,7700000,0.276981
2/26/1982,18.25,18.375,18.25,18.25,4356800,0.276981
3/1/1982,18.375,18.5,18.375,18.375,8825600,0.278878
3/2/1982,18.375,18.5,18.375,18.375,8702400,0.278878
3/3/1982,18.375,18.5,18.375,18.375,5913600,0.278878
3/4/1982,18.124999,18.124999,18,18,9592800,0.273186
3/5/1982,16.75,16.75,16.625,16.625,11328800,0.252318
3/8/1982,16.5,16.5,16.374999,16.374999,8786400,0.248524
3/9/1982,16.5,16.625,16.5,16.5,13126400,0.250421
3/10/1982,16.374999,16.374999,16.25,16.25,21733600,0.246627
3/11/1982,16.25,16.5,16.25,16.25,5644800,0.246627
3/12/1982,15.375,15.375,15.25,15.25,11636800,0.231449
3/15/1982,15.25,15.25,15.125001,15.125001,12840800,0.229552
3/16/1982,15,15,14.875,14.875,11788000,0.225758
3/17/1982,14.250001,14.250001,14.125,14.125,12622400,0.214375
3/18/1982,15.25,15.375,15.25,15.25,14084000,0.231449
3/19/1982,16.625,16.75,16.625,16.625,16452800,0.252318
3/22/1982,17.875,18,17.875,17.875,17298400,0.271289
3/23/1982,17.750001,17.750001,17.625,17.625,13988800,0.267495
3/24/1982,16.75,16.75,16.625,16.625,12902400,0.252318
3/25/1982,16.625,16.625,16.5,16.5,21028000,0.250421
3/26/1982,16.374999,16.374999,16.25,16.25,12695200,0.246627
3/29/1982,16.625,16.75,16.625,16.625,16900800,0.252318
3/30/1982,16.875001,17,16.875001,16.875001,19488000,0.256112
3/31/1982,16.875001,17,16.875001,16.875001,12538400,0.256112
4/1/1982,17.750001,17.875,17.750001,17.750001,14784000,0.269392
4/2/1982,17.750001,17.875,17.750001,17.750001,21201600,0.269392
4/5/1982,17.750001,17.875,17.750001,17.750001,21660800,0.269392
4/6/1982,17.750001,17.750001,17.625,17.625,17897600,0.267495
4/7/1982,17.5,17.5,17.375,17.375,7274400,0.263701
4/8/1982,17.5,17.625,17.5,17.5,5997600,0.265598
4/12/1982,17.5,17.625,17.375,17.375,11076800,0.263701
4/13/1982,16.125,16.125,16.000001,16.000001,21324800,0.242832
4/14/1982,16.125,16.25,16.125,16.125,28397600,0.244729
4/15/1982,16.374999,16.5,16.374999,16.374999,41070400,0.248524
4/16/1982,16.875001,17,16.875001,16.875001,26012000,0.256112
4/19/1982,16.75,16.75,16.5,16.5,10320800,0.250421
4/20/1982,15.875,15.875,15.75,15.75,20137600,0.239038
4/21/1982,15.75,15.75,15.625,15.625,18256000,0.237141
4/22/1982,15.499999,15.499999,15.375,15.375,13148800,0.233347
4/23/1982,15.375,15.499999,15.375,15.375,12073600,0.233347
4/26/1982,15.75,15.875,15.75,15.75,14481600,0.239038
4/27/1982,15.375,15.375,15.25,15.25,17567200,0.231449
4/28/1982,14.75,14.75,14.624999,14.624999,24808000,0.221964
4/29/1982,14.624999,14.75,14.624999,14.624999,20557600,0.221964
4/30/1982,14.75,14.875,14.75,14.75,69350400,0.223861
5/3/1982,15.25,15.375,15.25,15.25,20675200,0.231449
5/4/1982,15.75,15.875,15.75,15.75,18496800,0.239038
5/5/1982,15.75,15.75,15.499999,15.499999,13484800,0.235244
5/6/1982,16.000001,16.125,16.000001,16.000001,18866400,0.242832
5/7/1982,16.25,16.374999,16.25,16.25,21179200,0.246627
5/10/1982,16.125,16.125,16.000001,16.000001,7901600,0.242832
5/11/1982,15.625,15.625,15.499999,15.499999,25754400,0.235244
5/12/1982,15.25,15.25,15.125001,15.125001,17752000,0.229552
5/13/1982,15.25,15.375,15.25,15.25,13613600,0.231449
5/14/1982,14.875,14.875,14.624999,14.624999,23934400,0.221964
5/17/1982,14.5,14.5,14.375,14.375,19051200,0.21817
5/18/1982,14.250001,14.250001,14.125,14.125,30508800,0.214375
5/19/1982,14.125,14.125,14,14,18821600,0.212478
5/20/1982,14.125,14.250001,14.125,14.125,6904800,0.214375
5/21/1982,14.250001,14.375,14.250001,14.250001,9710400,0.216272
5/24/1982,14.375,14.5,14.375,14.375,7996800,0.21817
5/25/1982,14.375,14.5,14.375,14.375,12891200,0.21817
5/26/1982,14.375,14.375,14.250001,14.250001,10819200,0.216272
5/27/1982,14.125,14.125,14,14,7812000,0.212478
5/28/1982,14,14.125,14,14,4799200,0.212478
6/1/1982,13.875,13.875,13.75,13.75,11900000,0.208684
6/2/1982,14,14.125,14,14,8226400,0.212478
6/3/1982,13.75,13.75,13.5,13.5,9940000,0.20489
6/4/1982,13.25,13.25,13.125,13.125,9419200,0.199198
6/7/1982,13.125,13.25,13.125,13.125,9290400,0.199198
6/8/1982,13.125,13.125,13,13,7851200,0.197301
6/9/1982,12.875,12.875,12.75,12.75,8461600,0.193507
6/10/1982,12.875,13,12.875,12.875,8601600,0.195404
6/11/1982,13.375,13.5,13.375,13.375,13658400,0.202993
6/14/1982,13.375,13.5,13.375,13.375,7498400,0.202993
6/15/1982,13.375,13.5,13.375,13.375,8803200,0.202993
6/16/1982,13.375,13.5,13.375,13.375,10432800,0.202993
6/17/1982,13.25,13.25,13.125,13.125,7291200,0.199198
6/18/1982,13.125,13.125,12.875,12.875,4967200,0.195404
6/21/1982,12.875,13,12.875,12.875,7134400,0.195404
6/22/1982,13.375,13.625,13.375,13.375,4390400,0.202993
6/23/1982,13.75,14,13.75,13.75,13188000,0.208684
6/24/1982,13.75,13.875,13.75,13.75,11037600,0.208684
6/25/1982,13.375,13.375,13.25,13.25,6669600,0.201095
6/28/1982,13.25,13.25,13.125,13.125,6288800,0.199198
6/29/1982,12.875,12.875,12.75,12.75,8954400,0.193507
6/30/1982,12.75,12.875,12.75,12.75,16906400,0.193507
7/1/1982,12.75,12.75,12.625,12.625,13932800,0.19161
7/2/1982,12.125,12.125,12,12,14526400,0.182124
7/6/1982,11.625,11.625,11.5,11.5,21924000,0.174536
7/7/1982,11.5,11.625,11.5,11.5,7593600,0.174536
7/8/1982,11.125,11.125,11,11,41081600,0.166947
7/9/1982,11.375,11.5,11.375,11.375,32104800,0.172639
7/12/1982,11.625,11.75,11.625,11.625,15848000,0.176433
7/13/1982,12.375,12.5,12.375,12.375,28593600,0.187816
7/14/1982,12.5,12.75,12.5,12.5,17780000,0.189713
7/15/1982,12.75,12.875,12.75,12.75,16447200,0.193507
7/16/1982,13.25,13.375,13.25,13.25,19252800,0.201095
7/19/1982,13.375,13.5,13.375,13.375,20944000,0.202993
7/20/1982,14.250001,14.375,14.250001,14.250001,12426400,0.216272
7/21/1982,14.250001,14.375,14.250001,14.250001,17925600,0.216272
7/22/1982,14.375,14.5,14.375,14.375,8803200,0.21817
7/23/1982,14.250001,14.250001,14.125,14.125,4575200,0.214375
7/26/1982,13.625,13.625,13.5,13.5,14212800,0.20489
7/27/1982,13.5,13.625,13.5,13.5,8080800,0.20489
7/28/1982,13,13,12.875,12.875,13378400,0.195404
7/29/1982,13.375,13.5,13.375,13.375,15467200,0.202993
7/30/1982,13.5,13.625,13.5,13.5,9654400,0.20489
8/2/1982,13.875,14,13.875,13.875,23598400,0.210581
8/3/1982,13.125,13.125,13,13,22467200,0.197301
8/4/1982,13,13,12.875,12.875,20966400,0.195404
8/5/1982,12.5,12.5,12.375,12.375,17438400,0.187816
8/6/1982,12.375,12.375,12.25,12.25,24208800,0.185918
8/9/1982,12.375,12.5,12.375,12.375,14028000,0.187816
8/10/1982,13.125,13.25,13.125,13.125,28061600,0.199198
8/11/1982,13.25,13.375,13.25,13.25,17472000,0.201095
8/12/1982,13.25,13.25,13.125,13.125,7655200,0.199198
8/13/1982,13.125,13.25,13.125,13.125,6490400,0.199198
8/16/1982,13.375,13.5,13.375,13.375,9604000,0.202993
8/17/1982,14.250001,14.5,14.250001,14.250001,11933600,0.216272
8/18/1982,14.250001,14.375,14.250001,14.250001,31264800,0.216272
8/19/1982,14.375,14.5,14.375,14.375,11905600,0.21817
8/20/1982,14.75,14.875,14.75,14.75,13714400,0.223861
8/23/1982,15.375,15.499999,15.375,15.375,17421600,0.233347
8/24/1982,16.125,16.25,16.125,16.125,38942400,0.244729
8/25/1982,17.249999,17.375,17.249999,17.249999,89269600,0.261804
8/26/1982,17.750001,17.875,17.750001,17.750001,52645600,0.269392
8/27/1982,17,17,16.875001,16.875001,24662400,0.256112
8/30/1982,17.125,17.249999,17.125,17.125,20109600,0.259906
8/31/1982,18,18.124999,18,18,35140000,0.273186
9/1/1982,17.625,17.625,17.5,17.5,20641600,0.265598
9/2/1982,18.25,18.375,18.25,18.25,18855200,0.276981
9/3/1982,18.375,18.5,18.375,18.375,26135200,0.278878
9/7/1982,17.5,17.5,17.375,17.375,20344800,0.263701
9/8/1982,18,18.124999,18,18,18082400,0.273186
9/9/1982,17.750001,17.750001,17.625,17.625,15898400,0.267495
9/10/1982,18.124999,18.25,18.124999,18.124999,14016800,0.275083
9/13/1982,18.25,18.375,18.25,18.25,14722400,0.276981
9/14/1982,18.875,18.999999,18.875,18.875,25373600,0.286466
9/15/1982,18.875,18.875,18.75,18.75,17936800,0.284569
9/16/1982,18.375,18.375,18.124999,18.124999,20092800,0.275083
9/17/1982,17.875,17.875,17.750001,17.750001,13512800,0.269392
9/20/1982,17.875,18,17.875,17.875,9783200,0.271289
9/21/1982,18.25,18.375,18.25,18.25,9167200,0.276981
9/22/1982,18.75,18.875,18.75,18.75,25844000,0.284569
9/23/1982,18.75,18.875,18.75,18.75,34955200,0.284569
9/24/1982,18.25,18.25,18.124999,18.124999,44548000,0.275083
9/27/1982,18.124999,18.375,18.124999,18.124999,9536800,0.275083
9/28/1982,18.375,18.625001,18.375,18.375,21380800,0.278878
9/29/1982,18.375,18.5,18.375,18.375,16391200,0.278878
9/30/1982,18.375,18.375,18.25,18.25,18670400,0.276981
10/1/1982,18.5,18.75,18.5,18.5,11564000,0.280775
10/4/1982,18.5,18.875,18,18.75,17332000,0.284569
10/5/1982,18.75,19.25,18.75,18.875,20059200,0.286466
10/6/1982,18.875,20.25,18.875,20.25,43383200,0.307335
10/7/1982,20.375001,22,20.375001,21.875,77918400,0.331997
10/8/1982,21.875,23.625,21.75,23.5,68885600,0.35666
10/11/1982,23.5,24.750001,23.5,24,78433600,0.364248
10/12/1982,24,24.375,23.000001,23.25,64736000,0.352866
10/13/1982,23.25,24.249999,23.000001,23.5,49711200,0.35666
10/14/1982,23.5,23.875001,23.125,23.625,44665600,0.358557
10/15/1982,23.5,23.5,22.625,23.000001,36153600,0.349071
10/18/1982,23.000001,23.625,23.000001,23.5,23587200,0.35666
10/19/1982,23.5,24.249999,23.5,24,30710400,0.364248
10/20/1982,24,25.625001,23.875001,25.375,60524800,0.385117
10/21/1982,25.375,26.75,25,25.999999,56879200,0.394602
10/22/1982,25.999999,26.75,25.875,25.875,40420800,0.392705
10/25/1982,25.875,25.999999,24.249999,24.375,46233600,0.36994
10/26/1982,24.375,24.625,23.25,24.5,41938400,0.371837
10/27/1982,24.5,25.25,24.5,25.124999,47790400,0.381323
10/28/1982,25.124999,25.375,24.750001,25.124999,54420800,0.381323
10/29/1982,25.124999,25.375,24.750001,25.375,29528800,0.385117
11/1/1982,25.375,27,25.124999,26.75,26090400,0.405985
11/2/1982,27,29.500001,27,28.625001,77711200,0.434442
11/3/1982,28.625001,30.75,28.625001,30.75,58783200,0.466693
11/4/1982,30.75,31.874999,30.5,30.999999,82269600,0.470487
11/5/1982,30.75,30.75,29.625,30.124999,35375200,0.457208
11/8/1982,30.124999,30.375001,28.75,28.875,29797600,0.438236
11/9/1982,28.875,30.124999,28.75,29.875,44945600,0.453413
11/10/1982,29.999999,31.5,29.999999,30.999999,50696800,0.470487
11/11/1982,30.999999,33.000001,30.5,33.000001,30788800,0.500842
11/12/1982,33.000001,34,32.375,32.375,32776800,0.491356
11/15/1982,32.375,32.749999,31.250001,31.625,31147200,0.479973
11/16/1982,31.625,31.749999,29.875,29.999999,45505600,0.45531
11/17/1982,29.999999,31.5,29.999999,31.375,36036000,0.476179
11/18/1982,31.375,31.874999,31.250001,31.375,38169600,0.476179
11/19/1982,31.375,31.625,30.75,30.874999,24326400,0.46859
11/22/1982,30.874999,30.874999,28.125,28.125,25312000,0.426854
11/23/1982,28.500001,29.75,28.500001,28.875,22125600,0.438236
11/24/1982,28.875,30.5,28.75,29.500001,18435200,0.447722
11/26/1982,29.500001,29.875,28.374999,29,25496800,0.440133
11/29/1982,29,29.375001,28,28.875,12488000,0.438236
11/30/1982,28.875,32.000001,28.75,31.874999,39799200,0.483767
12/1/1982,31.874999,33.750001,31.874999,32.5,51710400,0.493253
12/2/1982,32.5,33.000001,32.000001,32.5,41182400,0.493253
12/3/1982,32.125001,32.125001,31.375,31.749999,11894400,0.48187
12/6/1982,31.749999,33.750001,31.5,33.499999,36646400,0.50843
12/7/1982,33.499999,34.625001,32.749999,33.875001,41820800,0.514121
12/8/1982,33.875001,34.875,33.000001,33.125,28078400,0.502739
12/9/1982,32.624999,32.624999,30.999999,31.5,48664000,0.478076
12/10/1982,30.999999,30.999999,28.875,29.249999,41871200,0.443928
12/13/1982,29,29,28.625001,28.625001,23844800,0.434442
12/14/1982,28.625001,30.375001,28,28.374999,67513600,0.430648
12/15/1982,28.374999,28.500001,27.625,28.249999,32698400,0.428751
12/16/1982,28.249999,29.249999,28,28.75,35291200,0.436339
12/17/1982,28.75,30.375001,28.625001,30.124999,20182400,0.457208
12/20/1982,30.124999,30.250001,29.75,29.999999,17444000,0.45531
12/21/1982,29.999999,30.250001,29.500001,30.250001,19986400,0.459105
12/22/1982,30.375001,31.125001,30.375001,31.125001,25306400,0.472385
12/23/1982,31.125001,32.000001,30.874999,32.000001,21744800,0.485665
12/27/1982,32.000001,32.875001,31.749999,32.749999,15467200,0.497047
12/28/1982,32.749999,33.750001,32.125001,32.5,28341600,0.493253
12/29/1982,32.5,32.624999,30.999999,31.375,20176800,0.476179
12/30/1982,31.375,31.749999,29.625,29.999999,39216800,0.45531
12/31/1982,29.999999,30.375001,29.875,29.875,12415200,0.453413
1/3/1983,29.875,30.250001,28.249999,28.500001,28207200,0.432545
1/4/1983,28.500001,30.250001,28,30.124999,55927200,0.457208
1/5/1983,30.124999,30.5,29.625,30.250001,35386400,0.459105
1/6/1983,30.250001,30.375001,29,29.124999,24449600,0.442031
1/7/1983,29.124999,29.500001,27.5,27.5,43013600,0.417368
1/10/1983,27.5,29,27.25,28.75,68835200,0.436339
1/11/1983,28.75,29.500001,28.75,29.124999,347200,0.442031
1/12/1983,29.500001,31.5,29.500001,30.75,44245600,0.466693
1/13/1983,30.75,30.999999,30.250001,30.75,20568800,0.466693
1/14/1983,30.874999,33.000001,30.874999,33.000001,46160800,0.500842
1/17/1983,33.000001,34.625001,32.749999,34.125,58716000,0.517916
1/18/1983,34.125,34.875,32.5,33.375,54947200,0.506533
1/19/1983,33.375,34,33.25,33.624999,42414400,0.510327
1/20/1983,33.624999,37.375001,33.624999,37.375001,176960000,0.567241
1/21/1983,37.375001,39.000001,36.999999,37.375001,100648800,0.567241
1/24/1983,37.375001,37.375001,34.625001,35.249999,78853600,0.53499
1/25/1983,35.249999,37.5,35,36.625,41759200,0.555858
1/26/1983,36.999999,38.5,36.999999,38.125001,50803200,0.578624
1/27/1983,38.125001,41,37.999999,40.750001,26079200,0.618463
1/28/1983,40.750001,42,40.499999,41,99433600,0.622258
1/31/1983,41,41.625001,40.125,40.875001,47000800,0.620361
2/1/1983,40.875001,41.750001,40.25,41.750001,52740800,0.63364
2/2/1983,41.750001,43.75,41.125,42.875,66763200,0.650715
2/3/1983,42.875,44.75,42.500001,44.625,63134400,0.677274
2/4/1983,44.625,45.375,43.875,43.999999,53586400,0.667789
2/7/1983,43.999999,44.625,41.499999,42.249999,35728000,0.641229
2/8/1983,42.249999,42.875,41.374999,41.875,42028000,0.635538
2/9/1983,41.875,42.500001,40.750001,42.249999,45203200,0.641229
2/10/1983,42.249999,45.250001,42.249999,44.999999,59180800,0.682966
2/11/1983,45.375,47.25,45.375,46.5,50887200,0.705731
2/14/1983,46.5,46.5,45.125001,46.25,31544800,0.701937
2/15/1983,46.25,46.624999,44.874999,45.375,28795200,0.688657
2/16/1983,45.375,45.375,44.250001,44.5,29142400,0.675377
2/17/1983,44.5,44.5,42.625001,43.999999,34042400,0.667789
2/18/1983,43.999999,45.874999,43.500001,45.375,28722400,0.688657
2/22/1983,45.625,47.750001,45.625,46.5,49196000,0.705731
2/23/1983,46.5,47.125,46.125001,46.875001,27008800,0.711423
2/24/1983,47.25,48.374999,47.25,48.125,28873600,0.730394
2/25/1983,48.125,48.625001,46.5,46.749999,28672000,0.709525
2/28/1983,46.749999,46.875001,45.5,45.625,33073600,0.692451
3/1/1983,45.625,46.624999,45.5,46.375,35067200,0.703834
3/2/1983,46.375,47.000001,46.25,46.749999,26488000,0.709525
3/3/1983,46.749999,47.25,45.125001,45.250001,32883200,0.68676
3/4/1983,45.250001,45.375,43.249999,44.625,37951200,0.677274
3/7/1983,44.625,44.75,42.500001,43.75,38169600,0.663994
3/8/1983,43.500001,43.500001,41.750001,42.374999,55160000,0.643126
3/9/1983,42.374999,43.625,41.625001,43.625,49834400,0.662097
3/10/1983,43.625,44.124999,42.625001,43,28151200,0.652612
3/11/1983,43,43.75,41.374999,42.374999,21940800,0.643126
3/14/1983,42.249999,42.249999,40.375,41.374999,42968800,0.627949
3/15/1983,41.374999,42,40.125,42,18765600,0.637435
3/16/1983,42,43.500001,41.750001,42,27742400,0.637435
3/17/1983,42,42.374999,41.875,42.374999,11037600,0.643126
3/18/1983,42.374999,43.500001,42.249999,43,21532000,0.652612
3/21/1983,43,44.124999,42.75,43.999999,26006400,0.667789
3/22/1983,43.999999,45.125001,43.999999,44.5,25250400,0.675377
3/23/1983,44.5,44.625,42.249999,42.374999,35190400,0.643126
3/24/1983,42.374999,43.625,42.249999,43.124999,25614400,0.654509
3/25/1983,43.124999,43.875,43,43.124999,14515200,0.654509
3/28/1983,43,43,41.750001,42.500001,18642400,0.645023
3/29/1983,42.625001,44.124999,42.625001,43.75,25933600,0.663994
3/30/1983,43.75,44.375001,43.75,44.250001,21952000,0.671583
3/31/1983,44.250001,44.5,42.249999,42.249999,21285600,0.641229
4/4/1983,42.249999,42.249999,40.125,41.125,31847200,0.624155
4/5/1983,41.125,42,40.375,40.375,30525600,0.612772
4/6/1983,40.375,40.499999,39.5,40.000001,53496800,0.607081
4/7/1983,40.000001,40.25,39.375,39.624999,36377600,0.601389
4/8/1983,39.624999,39.875001,38.625,39.375,37564800,0.597595
4/11/1983,39.375,41.875,38.749999,41.625001,57618400,0.631743
4/12/1983,41.625001,42.625001,41.625001,42.500001,43512000,0.645023
4/13/1983,42.500001,44.124999,42.500001,43.999999,47443200,0.667789
4/14/1983,43.999999,45.125001,43.625,44.999999,34092800,0.682966
4/15/1983,44.999999,46.125001,44.999999,45.749999,28750400,0.694348
4/18/1983,46.000001,47.875001,46.000001,47.000001,38892000,0.71332
4/19/1983,47.000001,47.375,46.25,46.5,58469600,0.705731
4/20/1983,46.5,50.999999,46.5,50.625,72083200,0.768336
4/21/1983,51.250001,52.749999,51.250001,51.999999,57512000,0.789205
4/22/1983,51.999999,52.5,50.75,50.999999,31796800,0.774028
4/25/1983,50.999999,51.375001,48.374999,48.625001,31427200,0.737982
4/26/1983,48.625001,50.625,48.499999,50,24858400,0.758851
4/27/1983,50,51.124999,49,49.500001,21509600,0.751262
4/28/1983,49.500001,50.249999,48.875,50,19852000,0.758851
4/29/1983,50,50.75,49.374999,50.500001,77078400,0.766439
5/2/1983,50.500001,50.75,48.374999,49,24270400,0.743674
5/3/1983,49,49.125,47.624999,48.499999,26499200,0.736085
5/4/1983,48.499999,51.5,48.499999,51.5,32278400,0.781616
5/5/1983,51.5,55,51.5,54.875001,35123200,0.832839
5/6/1983,54.875001,55.750001,53.749999,55.125,25037600,0.836633
5/9/1983,55.125,55.25,53.875001,54.375,17292800,0.82525
5/10/1983,54.375,55.374999,54.125,54.750001,12975200,0.830942
5/11/1983,54.750001,55,53.000001,53.375,13815200,0.810073
5/12/1983,53.375,53.375,52.375,52.874999,24606400,0.802485
5/13/1983,52.874999,53.624999,52.874999,53.125001,12241600,0.806279
5/16/1983,53.125001,53.125001,51.5,51.75,17298400,0.785411
5/17/1983,51.75,51.999999,51.124999,51.874999,38589600,0.787308
5/18/1983,51.874999,53.000001,51.874999,52.5,39250400,0.796793
5/19/1983,52.5,54.25,52.5,54.125,17572800,0.821456
5/20/1983,54.125,57.000003,53.375,56.875,36523200,0.863193
5/23/1983,56.875,57.500001,55.750001,57.500001,30436000,0.872678
5/24/1983,57.500001,60.500003,57.500001,60.500003,26924800,0.918209
5/25/1983,60.500003,61.000001,59.124998,59.999998,38432800,0.910621
5/26/1983,59.999998,60.375,58.874999,59.374997,26392800,0.901135
5/27/1983,59.374997,59.999998,59.124998,59.374997,14156800,0.901135
5/31/1983,59.250001,59.250001,56.625001,57.75,11384800,0.876473
6/1/1983,57.75,58.249998,57.250002,58.125002,24522400,0.882164
6/2/1983,58.125002,58.499997,57.75,58.499997,19857600,0.887855
6/3/1983,58.499997,61.625002,58.499997,61.375003,16133600,0.931489
6/6/1983,61.375003,62.750001,61.375003,62.750001,26023200,0.952358
6/7/1983,62.750001,63.249999,60.624999,60.624999,24544800,0.920107
6/8/1983,60.624999,60.874998,59.374997,59.875002,21011200,0.908724
6/9/1983,59.875002,60.500003,58.375001,59.5,13697600,0.903032
6/10/1983,59.5,59.875002,59.124998,59.250001,9357600,0.899238
6/13/1983,59.250001,59.374997,55,57.250002,44816800,0.868884
6/14/1983,57.250002,57.75,55.750001,56,42632800,0.849913
6/15/1983,55.875,55.875,53.25,54.375,48339200,0.82525
6/16/1983,54.624999,57.250002,54.624999,57.250002,30721600,0.868884
6/17/1983,57.250002,57.500001,56.125003,56.125003,14011200,0.85181
6/20/1983,56.125003,56.499998,52.874999,53.375,34893600,0.810073
6/21/1983,53.375,54.000001,52.375,53.749999,31365600,0.815765
6/22/1983,53.875001,55.625001,53.875001,55.374999,35240800,0.840427
6/23/1983,55.125,55.125,53.5,53.624999,33499200,0.813867
6/24/1983,53.624999,54.375,53.125001,53.25,11911200,0.808176
6/27/1983,53.25,53.25,50.375001,50.375001,30760800,0.764542
6/28/1983,50.375001,50.625,46.5,46.875001,87292800,0.711423
6/29/1983,46.875001,49.625001,45.749999,49.125,73595200,0.745571
6/30/1983,49.125,50,48.625001,48.875,27641600,0.741777
7/1/1983,48.875,49.75,48.625001,49.249999,43064000,0.747468
7/5/1983,49.249999,49.374999,47.125,47.25,20512800,0.717114
7/6/1983,47.25,47.499999,46.375,47.375,23979200,0.719011
7/7/1983,47.375,47.499999,46.5,46.749999,22360800,0.709525
7/8/1983,46.749999,46.749999,46.000001,46.25,17544800,0.701937
7/11/1983,46.25,48.25,46.25,47.499999,28229600,0.720908
7/12/1983,47.499999,48,46.125001,46.375,18799200,0.703834
7/13/1983,46.375,46.5,45.375,46.125001,32250400,0.70004
7/14/1983,46.125001,46.875001,45.749999,46.000001,18726400,0.698143
7/15/1983,46.000001,46.000001,44.124999,44.375001,16990400,0.67348
7/18/1983,44.375001,44.5,43.249999,44.250001,20406400,0.671583
7/19/1983,44.250001,46.375,43.375001,43.75,42784000,0.663994
7/20/1983,43.75,44.124999,40.750001,41.25,76221600,0.626052
7/21/1983,41.25,44.375001,41,43.375001,79346400,0.658303
7/22/1983,43.375001,43.875,43.249999,43.75,29108800,0.663994
7/25/1983,43.75,43.75,42.500001,43.124999,19107200,0.654509
7/26/1983,43.124999,43.375001,37.5,39.125001,67244800,0.593801
7/27/1983,39.125001,40.375,35.75,36.249999,75079200,0.550167
7/28/1983,36.249999,36.75,34,34,67620000,0.516019
7/29/1983,34,35.249999,33.875001,34.875,55081600,0.529298
8/1/1983,34.875,36.375001,34.25,34.499999,58111200,0.523607
8/2/1983,34.499999,35,34.25,34.374999,25412800,0.52171
8/3/1983,34.374999,35.625001,33.875001,34.875,30956800,0.529298
8/4/1983,34.875,35.249999,31.749999,33.25,73029600,0.504636
8/5/1983,33.25,34.499999,33.000001,33.875001,32855200,0.514121
8/8/1983,33.875001,34.750001,33.125,34,19202400,0.516019
8/9/1983,34,34.875,33.750001,34.374999,37592800,0.52171
8/10/1983,34.374999,34.625001,33.499999,34.25,40493600,0.519813
8/11/1983,34.25,34.750001,33.25,33.750001,22545600,0.512224
8/12/1983,33.750001,34.499999,33.125,33.499999,18659200,0.50843
8/15/1983,33.499999,34.374999,33.375,34.374999,38068800,0.52171
8/16/1983,34.374999,34.750001,33.499999,33.875001,22842400,0.514121
8/17/1983,33.875001,34.25,32.749999,33.125,23609600,0.502739
8/18/1983,33.125,33.875001,33.000001,33.499999,20434400,0.50843
8/19/1983,33.499999,34,33.25,33.750001,14649600,0.512224
8/22/1983,33.750001,34.125,33.25,33.624999,21341600,0.510327
8/23/1983,33.624999,33.624999,31.625,31.874999,23396800,0.483767
8/24/1983,31.749999,31.749999,30.124999,30.250001,28324800,0.459105
8/25/1983,30.250001,30.75,29.999999,30.5,47443200,0.462899
8/26/1983,30.5,30.999999,30.250001,30.874999,23296000,0.46859
8/29/1983,30.874999,31.625,29.999999,31.250001,34574400,0.474282
8/30/1983,31.250001,33.499999,31.250001,32.875001,58486400,0.498944
8/31/1983,33.125,37.250001,33.125,37.250001,50058400,0.565344
9/1/1983,37.250001,38.5,35.500001,36.375001,54532800,0.552064
9/2/1983,36.375001,37.999999,36.249999,37.999999,32334400,0.576727
9/6/1983,38.749999,39.749999,38.749999,39.375,45421600,0.597595
9/7/1983,39.25,39.25,33.875001,34.625001,96213600,0.525504
9/8/1983,34.625001,35,31.250001,31.749999,76764800,0.48187
9/9/1983,31.749999,31.874999,30.5,30.625,53172000,0.464796
9/12/1983,30.625,32.5,30.250001,30.625,66578400,0.464796
9/13/1983,30.625,32.5,30.375001,32.000001,51044000,0.485665
9/14/1983,32.000001,32.749999,30.999999,31.625,45382400,0.479973
9/15/1983,31.625,31.749999,29.75,30.124999,39709600,0.457208
9/16/1983,30.124999,30.124999,29.124999,29.375001,56436800,0.445825
9/19/1983,29.375001,32.25,29.249999,32.000001,50495200,0.485665
9/20/1983,32.000001,33.499999,32.000001,32.125001,56604800,0.487562
9/21/1983,32.125001,32.624999,31.375,31.5,26588800,0.478076
9/22/1983,31.5,32.624999,31.125001,32.5,36030400,0.493253
9/26/1983,25.875,25.875,24.375,24.875,192192000,0.377528
9/27/1983,24.875,25,23.000001,23.5,104277600,0.35666
9/28/1983,23.5,23.5,22.125001,22.875,93374400,0.347174
9/29/1983,22.875,23.75,22.625,22.75,70694400,0.345277
9/30/1983,22.75,23.625,22.499999,23.125,29467200,0.350968
10/3/1983,23.125,23.5,22.625,23.125,38225600,0.350968
10/4/1983,23.125,23.625,22.75,22.875,42403200,0.347174
10/5/1983,22.875,23.25,22.125001,22.499999,47667200,0.341483
10/6/1983,22.499999,22.875,21.75,22.25,58234400,0.337689
10/7/1983,22.25,23.75,20.125,20.375001,61583200,0.309232
10/10/1983,20.125,20.125,18.375,19.75,129281600,0.299746
10/11/1983,19.75,19.874999,19.125,19.375,63190400,0.294055
10/12/1983,19.375,21.250001,19.25,21.125,118154400,0.320614
10/13/1983,21.75,24,21.75,23.000001,105128800,0.349071
10/14/1983,23.000001,23.75,22.499999,22.75,69815200,0.345277
10/17/1983,22.75,22.75,20.875,21,54779200,0.318717
10/18/1983,20.749999,20.749999,18.875,19.375,95743200,0.294055
10/19/1983,19.375,22.25,19.125,21.5,71848000,0.326306
10/20/1983,21.5,22.125001,19.874999,20.375001,32922400,0.309232
10/21/1983,20.375001,20.875,19.625,19.874999,39250400,0.301643
10/24/1983,19.874999,21.125,17.875,21.125,64848000,0.320614
10/25/1983,21.125,21.875,21,21.250001,42112000,0.322512
10/26/1983,21.250001,21.5,20,20.125,32228000,0.305437
10/27/1983,20.125,21.624999,20.125,21.125,24460800,0.320614
10/28/1983,21.125,21.375,20.375001,20.875,20300000,0.31682
10/31/1983,21.125,23.000001,21.125,22.625,43293600,0.34338
11/1/1983,22.625,24,21.624999,23.000001,82096000,0.349071
11/2/1983,23.000001,24.125,23.000001,23.5,50618400,0.35666
11/3/1983,23.5,23.625,21,21.875,71500800,0.331997
11/4/1983,21.875,22,21,21.125,36685600,0.320614
11/7/1983,21.125,21.624999,20.749999,21,38029600,0.318717
11/8/1983,19.500001,19.500001,17.249999,17.875,305379200,0.271289
11/9/1983,17.875,19.25,17.5,19.25,88368000,0.292158
11/10/1983,19.25,20.125,19.25,19.625,55518400,0.297849
11/11/1983,19.625,20.375001,19.500001,20,29008000,0.30354
11/14/1983,20,20.25,19.625,19.75,27070400,0.299746
11/15/1983,19.75,19.874999,18.999999,19.75,29657600,0.299746
11/16/1983,19.75,20.5,19.625,20,25569600,0.30354
11/17/1983,20,20.749999,20,20.5,22596000,0.311129
11/18/1983,20.5,20.875,20.25,20.625,19975200,0.313026
11/21/1983,20.625,21.624999,20.625,21.5,26252800,0.326306
11/22/1983,21.5,21.75,21.250001,21.5,26297600,0.326306
11/23/1983,21.5,21.5,20,20.375001,28588000,0.309232
11/25/1983,20.375001,20.625,20.375001,20.5,9324000,0.311129
11/28/1983,20.5,21.125,20.375001,21,18099200,0.318717
11/29/1983,21,21.5,20.5,20.749999,23822400,0.314923
11/30/1983,20.749999,21,20.375001,20.375001,16083200,0.309232
12/1/1983,20.375001,20.875,20,20.25,19168800,0.307335
12/2/1983,20.25,20.25,19.75,19.874999,21341600,0.301643
12/5/1983,19.874999,20.5,19.75,20.375001,11289600,0.309232
12/6/1983,20.375001,20.625,20.25,20.5,12997600,0.311129
12/7/1983,20.5,21.5,20.25,21,22288000,0.318717
12/8/1983,21,22.125001,21,21.5,34406400,0.326306
12/9/1983,21.5,22.125001,21.250001,21.624999,20692000,0.328203
12/12/1983,21.624999,21.75,21,21.5,16284800,0.326306
12/13/1983,21.5,22.75,21.375,22.499999,49386400,0.341483
12/14/1983,22.499999,23.625,21.624999,23.374999,50472800,0.354763
12/15/1983,23.374999,24.750001,23.374999,24.375,79150400,0.36994
12/16/1983,24.375,25,24.249999,24.750001,46216800,0.375631
12/19/1983,24.750001,25,23.875001,24,43400000,0.364248
12/20/1983,24,24,23.000001,23.374999,44436000,0.354763
12/21/1983,23.374999,24.249999,23.25,24.249999,42946400,0.368043
12/22/1983,24.249999,24.750001,24.125,24.750001,32636800,0.375631
12/23/1983,24.750001,24.875,24.249999,24.625,12140800,0.373734
12/27/1983,24.625,25,24.625,24.750001,24108000,0.375631
12/28/1983,24.750001,25.25,24.5,25,32138400,0.379425
12/29/1983,25,25.25,24.375,24.375,25687200,0.36994
12/30/1983,24.375,25,24.249999,24.375,22965600,0.36994
1/3/1984,24.375,26.125,24.375,25.625001,37548000,0.388911
1/4/1984,25.75,28,25.75,27.875,73152800,0.423059
1/5/1984,27.875,29,27.625,28.249999,76428800,0.428751
1/6/1984,28.249999,28.625001,27.25,27.749999,42123200,0.421162
1/9/1984,27.749999,27.749999,25.375,26.25,53933600,0.398397
1/10/1984,26.25,27.625,26.25,27.625,43047200,0.419265
1/11/1984,27.625,28.500001,27.5,28,43988000,0.424956
1/12/1984,28,28.374999,27.625,27.875,27585600,0.423059
1/13/1984,27.875,28.249999,26.75,27.25,30436000,0.413574
1/16/1984,27.25,28.249999,27.125,27.875,34395200,0.423059
1/17/1984,27.875,28.75,27.875,28.625001,37268000,0.434442
1/18/1984,28.625001,29.249999,28.125,28.75,55126400,0.436339
1/19/1984,28.75,29.500001,28.500001,29,37430400,0.440133
1/20/1984,29,29.124999,28.249999,28.625001,35336000,0.434442
1/23/1984,28.625001,29.124999,28.374999,28.875,69591200,0.438236
1/24/1984,28.875,29,26.500001,27.25,80057600,0.413574
1/25/1984,27.25,28.875,26.874999,27,65968000,0.409779
1/26/1984,27,28,27,27.625,42123200,0.419265
1/27/1984,27.625,27.749999,25.625001,26.125,48524000,0.3965
1/30/1984,26.125,26.625,24.125,24.750001,69367200,0.375631
1/31/1984,24.750001,25.25,23.125,24.750001,86273600,0.375631
2/1/1984,24.750001,25.5,24.5,24.625,40779200,0.373734
2/2/1984,24.625,25,24.125,24.875,33728800,0.377528
2/3/1984,24.875,25.5,24.5,24.5,36372000,0.371837
2/6/1984,24.5,24.5,23.125,23.25,41389600,0.352866
2/7/1984,23.25,24.249999,22.375,24.125,54432000,0.366146
2/8/1984,24.125,24.5,23.25,23.25,37055200,0.352866
2/9/1984,23.25,24.125,22.625,23.625,58699200,0.358557
2/10/1984,23.625,25,23.625,24.375,35991200,0.36994
2/13/1984,24.375,24.625,23.875001,24.249999,26432000,0.368043
2/14/1984,24.249999,25.75,24.249999,25.625001,52264800,0.388911
2/15/1984,25.625001,26.75,24.875,25.124999,50209600,0.381323
2/16/1984,25.124999,25.5,24.5,25.375,26308800,0.385117
2/17/1984,25.375,25.999999,25,25,33661600,0.379425
2/21/1984,25,26.25,24.875,26.125,30072000,0.3965
2/22/1984,26.25,27.625,26.25,27.375001,55843200,0.415471
2/23/1984,27.375001,27.375001,25.999999,26.874999,38763200,0.407882
2/24/1984,26.874999,27.5,26.874999,27.125,19454400,0.411677
2/27/1984,27.125,27.5,26.375,27,30391200,0.409779
2/28/1984,27,27.125,25.124999,25.5,42481600,0.387014
2/29/1984,25.5,26.874999,25.25,26.25,33510400,0.398397
3/1/1984,26.25,27.125,25.625001,27,33090400,0.409779
3/2/1984,27,28,26.874999,27.25,47812800,0.413574
3/5/1984,27.25,27.375001,26.375,26.75,18401600,0.405985
3/6/1984,26.75,27.25,25.625001,25.75,24746400,0.390808
3/7/1984,25.75,26.625,25.124999,26.500001,24141600,0.402191
3/8/1984,26.500001,27.125,26.500001,26.874999,32446400,0.407882
3/9/1984,26.874999,26.874999,26.25,26.375,16514400,0.400294
3/12/1984,26.500001,27.5,26.500001,27.375001,31259200,0.415471
3/13/1984,27.375001,27.749999,26.75,27,38220000,0.409779
3/14/1984,27,27.125,26.500001,26.625,14901600,0.404088
3/15/1984,26.625,27,26.375,26.75,13820800,0.405985
3/16/1984,26.75,27.749999,26.375,26.625,31175200,0.404088
3/19/1984,26.500001,26.500001,25.875,26.25,20647200,0.398397
3/20/1984,26.25,26.75,25.124999,25.999999,25132800,0.394602
3/21/1984,25.999999,26.625,25.875,25.999999,11916800,0.394602
3/22/1984,25.999999,25.999999,25.124999,25.5,12796000,0.387014
3/23/1984,25.5,25.75,25,25.5,15282400,0.387014
3/26/1984,25.5,26.125,25.25,25.75,14240800,0.390808
3/27/1984,25.75,25.875,24.875,25,24824800,0.379425
3/28/1984,25.124999,25.625001,25.124999,25.5,18872000,0.387014
3/29/1984,25.5,25.75,25.25,25.375,9794400,0.385117
3/30/1984,25.375,25.5,24.5,24.750001,11435200,0.375631
4/2/1984,24.750001,25.25,24.5,24.875,13664000,0.377528
4/3/1984,24.875,25.124999,24.625,25,11026400,0.379425
4/4/1984,25,25.124999,24.5,24.5,26919200,0.371837
4/5/1984,24.5,24.875,24.125,24.125,20703200,0.366146
4/6/1984,24.125,24.375,23.000001,23.5,21397600,0.35666
4/9/1984,23.5,24.249999,23.5,23.5,13563200,0.35666
4/10/1984,24,24.750001,24,24.750001,14274400,0.375631
4/11/1984,24.750001,25.375,24.249999,24.5,17651200,0.371837
4/12/1984,24.5,25.999999,24.125,25.75,19600000,0.390808
4/13/1984,25.75,26.375,25.5,25.75,25849600,0.390808
4/16/1984,25.75,26.375,25.124999,26.25,17029600,0.398397
4/17/1984,26.75,27.875,26.75,27.5,83238400,0.417368
4/18/1984,27.5,28.125,27.375001,28,49918400,0.424956
4/19/1984,28,28.374999,27.749999,28.249999,30850400,0.428751
4/23/1984,28.249999,29.124999,28,28.374999,73466400,0.430648
4/24/1984,28.374999,28.875,27.749999,27.875,70392000,0.423059
4/25/1984,27.875,28.125,27.375001,27.625,48720000,0.419265
4/26/1984,27.749999,29.875,27.749999,29.75,79626400,0.451516
4/27/1984,29.75,30.75,29.249999,30.124999,92999200,0.457208
4/30/1984,30.124999,31.375,29.875,31.375,73287200,0.476179
5/1/1984,31.749999,33.25,31.749999,33.25,101628800,0.504636
5/2/1984,33.25,33.499999,32.375,33.000001,79329600,0.500842
5/3/1984,33.000001,33.000001,30.999999,31.625,81855200,0.479973
5/4/1984,31.625,31.625,29.999999,30.124999,65111200,0.457208
5/7/1984,30.124999,31.375,29.875,31.125001,40017600,0.472385
5/8/1984,31.250001,33.125,31.250001,32.875001,63750400,0.498944
5/9/1984,32.875001,34.374999,32.5,33.125,101253600,0.502739
5/10/1984,33.125,33.624999,32.25,33.125,59656800,0.502739
5/11/1984,33.125,33.25,30.999999,32.25,49431200,0.489459
5/14/1984,32.125001,32.125001,31.250001,31.625,22321600,0.479973
5/15/1984,31.625,32.125001,31.5,31.874999,25676000,0.483767
5/16/1984,31.874999,32.125001,30.375001,30.5,54930400,0.462899
5/17/1984,30.5,30.5,28.75,29.124999,70487200,0.442031
5/18/1984,29.124999,29.875,28.75,29.75,48367200,0.451516
5/21/1984,29.75,32.25,29.625,31.874999,108763200,0.483767
5/22/1984,31.874999,31.874999,29.999999,30.874999,75314400,0.46859
5/23/1984,30.874999,31.125001,30.250001,30.250001,42240800,0.459105
5/24/1984,30.250001,30.250001,28.875,29.375001,48328000,0.445825
5/25/1984,29.375001,29.875,29.124999,29.500001,30027200,0.447722
5/29/1984,29.500001,29.75,28.875,29.375001,39065600,0.445825
5/30/1984,29.375001,29.500001,28,29,79609600,0.440133
5/31/1984,29,29.75,28.75,29.375001,41753600,0.445825
6/1/1984,29.375001,30.375001,29.249999,30.375001,60575200,0.461002
6/4/1984,30.375001,30.75,29.375001,29.625,37072000,0.449619
6/5/1984,29.124999,29.124999,27.749999,27.875,82107200,0.423059
6/6/1984,27.875,29.124999,27.749999,29,40364800,0.440133
6/7/1984,29,29.124999,28.125,28.75,25636800,0.436339
6/8/1984,28.75,28.875,28,28.625001,27244000,0.434442
6/11/1984,28.625001,28.875,28.249999,28.625001,21061600,0.434442
6/12/1984,28.625001,29.500001,28.500001,29.124999,29282400,0.442031
6/13/1984,29.249999,29.875,29.249999,29.75,28929600,0.451516
6/14/1984,29.75,29.75,28.75,28.875,25239200,0.438236
6/15/1984,28.875,29.375001,28.875,29,22444800,0.440133
6/18/1984,29,29.75,28.374999,29.625,28649600,0.449619
6/19/1984,29.625,30.375001,29.375001,29.375001,40236000,0.445825
6/20/1984,29.375001,30.250001,28.75,30.250001,29881600,0.459105
6/21/1984,30.250001,30.625,29,29,35476000,0.440133
6/22/1984,29,29.500001,28.625001,28.625001,21151200,0.434442
6/25/1984,28.625001,28.875,27,27.25,41871200,0.413574
6/26/1984,27.25,27.375001,25.999999,25.999999,37161600,0.394602
6/27/1984,25.999999,26.25,24.249999,25.25,94320800,0.38322
6/28/1984,25.25,26.75,25.25,26.375,29579200,0.400294
6/29/1984,26.375,27.749999,26.375,26.500001,35498400,0.402191
7/2/1984,26.500001,26.625,25.124999,25.625001,39916800,0.388911
7/3/1984,25.625001,25.75,24.875,25.25,44766400,0.38322
7/5/1984,25.25,25.5,24.375,24.750001,23296000,0.375631
7/6/1984,24.750001,25.5,24.249999,25.124999,23912000,0.381323
7/9/1984,25.124999,26.375,24.750001,26.25,47667200,0.398397
7/10/1984,26.25,27.125,26.125,26.874999,43075200,0.407882
7/11/1984,26.874999,27.25,26.125,26.500001,30273600,0.402191
7/12/1984,26.500001,27.125,26.375,26.625,42173600,0.404088
7/13/1984,26.625,27.125,25.999999,26.375,33986400,0.400294
7/16/1984,26.375,26.375,25,25.75,50747200,0.390808
7/17/1984,25.75,25.999999,25.375,25.75,21212800,0.390808
7/18/1984,25.75,25.875,25.25,25.375,26006400,0.385117
7/19/1984,25.375,25.75,25.124999,25.375,19476800,0.385117
7/20/1984,25.375,25.75,25.25,25.375,8293600,0.385117
7/23/1984,25.375,25.375,24.5,25.124999,23508800,0.381323
7/24/1984,25.124999,27,25,26.625,44811200,0.404088
7/25/1984,26.75,27.375001,26.75,26.75,50114400,0.405985
7/26/1984,26.75,27.625,26.500001,27.25,35834400,0.413574
7/27/1984,27.25,27.5,27,27.125,18485600,0.411677
7/30/1984,27.125,27.25,25.25,25.5,31259200,0.387014
7/31/1984,25.5,25.875,24.875,25.5,49907200,0.387014
8/1/1984,25.5,25.75,24.249999,25,71433600,0.379425
8/2/1984,25,25.375,24.125,24.125,75919200,0.366146
8/3/1984,24.125,27.5,24,27.375001,154515200,0.415471
8/6/1984,27.375001,30.5,27.25,29.249999,156699200,0.443928
8/7/1984,29.249999,29.999999,27.875,29.625,83120800,0.449619
8/8/1984,29.625,30.250001,28.249999,28.500001,73600800,0.432545
8/9/1984,28.500001,29.999999,27.875,29.75,64405600,0.451516
8/10/1984,29.75,30.874999,28.374999,28.500001,99344000,0.432545
8/13/1984,28.500001,30.250001,28.125,29.999999,60362400,0.45531
8/14/1984,29.999999,30.250001,28.500001,28.875,43517600,0.438236
8/15/1984,28.75,28.75,27.625,27.875,44721600,0.423059
8/16/1984,27.875,28.374999,27.5,28.125,36204000,0.426854
8/17/1984,28.125,28.249999,27.125,27.5,38483200,0.417368
8/20/1984,27.5,27.625,26.625,27.375001,34613600,0.415471
8/21/1984,27.375001,28.75,27.375001,28.500001,44884000,0.432545
8/22/1984,28.500001,29.249999,27.749999,28,55104000,0.424956
8/23/1984,28,28.625001,28,28.125,20854400,0.426854
8/24/1984,28.125,28.500001,27.875,28.125,17724000,0.426854
8/27/1984,28.125,28.125,27.375001,27.875,21918400,0.423059
8/28/1984,27.875,28.249999,27.625,28.249999,14789600,0.428751
8/29/1984,28.249999,28.374999,27.25,27.5,18530400,0.417368
8/30/1984,27.5,27.875,27,27,12740000,0.409779
8/31/1984,27,27.125,26.125,26.500001,34462400,0.402191
9/4/1984,26.500001,26.75,25.999999,26.25,29960000,0.398397
9/5/1984,26.25,26.625,25.999999,26.25,25939200,0.398397
9/6/1984,26.25,26.874999,26.25,26.500001,32743200,0.402191
9/7/1984,26.500001,26.874999,26.25,26.500001,20815200,0.402191
9/10/1984,26.500001,26.625,25.875,26.375,16156000,0.400294
9/11/1984,26.625,27.375001,26.625,26.874999,38096800,0.407882
9/12/1984,26.874999,27,26.125,26.125,33280800,0.3965
9/13/1984,27.5,27.625,27.5,27.5,51833600,0.417368
9/14/1984,27.625,28.500001,27.625,27.875,61717600,0.423059
9/17/1984,28.625001,29,28.625001,28.625001,48188000,0.434442
9/18/1984,28.625001,28.875,27.625,27.625,24326400,0.419265
9/19/1984,27.625,27.875,27,27,26572000,0.409779
9/20/1984,27.125,27.375001,27.125,27.125,16542400,0.411677
9/21/1984,27.125,27.875,26.500001,26.874999,24959200,0.407882
9/24/1984,26.874999,27,26.625,26.625,19751200,0.404088
9/25/1984,26.500001,26.500001,26.125,26.125,41697600,0.3965
9/26/1984,26.125,27.25,25.75,25.75,27742400,0.390808
9/27/1984,25.75,25.875,25.75,25.75,26482400,0.390808
9/28/1984,25.75,25.75,24.625,25.124999,58352000,0.381323
10/1/1984,25,25,24.5,24.5,24444000,0.371837
10/2/1984,24.750001,25.625001,24.750001,24.750001,29562400,0.375631
10/3/1984,25.124999,25.5,25.124999,25.124999,30105600,0.381323
10/4/1984,25.375,25.625001,25.375,25.375,31371200,0.385117
10/5/1984,25.375,25.375,24.750001,24.875,24393600,0.377528
10/8/1984,24.875,25,24.875,24.875,11743200,0.377528
10/9/1984,24.875,25,24.625,24.625,31315200,0.373734
10/10/1984,24.625,24.625,23.875001,23.875001,91212800,0.362351
10/11/1984,23.875001,24.5,23.75,23.75,45690400,0.360454
10/12/1984,23.75,23.875001,22.499999,22.75,66449600,0.345277
10/15/1984,24,24.249999,24,24,60816000,0.364248
10/16/1984,24,24.125,23.875001,23.875001,29506400,0.362351
10/17/1984,24.875,25,24.875,24.875,39160800,0.377528
10/18/1984,25.625001,25.75,25.625001,25.625001,61790400,0.388911
10/19/1984,25.625001,27.375001,25.5,25.625001,81530400,0.388911
10/22/1984,25.625001,25.999999,25.375,25.375,28688800,0.385117
10/23/1984,25.999999,26.25,25.999999,25.999999,46608800,0.394602
10/24/1984,26.25,26.500001,26.25,26.25,41753600,0.398397
10/25/1984,26.25,26.25,25.25,25.25,39541600,0.38322
10/26/1984,25.25,25.25,24.5,24.625,28711200,0.373734
10/29/1984,24.750001,24.875,24.750001,24.750001,12661600,0.375631
10/30/1984,25,25.25,25,25,18648000,0.379425
10/31/1984,25,25.25,24.875,24.875,15058400,0.377528
11/1/1984,25,25.25,25,25,11760000,0.379425
11/2/1984,25,25.124999,24.750001,24.875,6921600,0.377528
11/5/1984,24.875,25.375,24.750001,24.750001,26342400,0.375631
11/6/1984,26.25,26.375,26.25,26.25,56330400,0.398397
11/7/1984,26.25,26.375,25.75,25.75,57887200,0.390808
11/8/1984,25.75,25.75,24.750001,24.750001,22030400,0.375631
11/9/1984,24.750001,24.875,23.000001,23.25,73533600,0.352866
11/12/1984,24.125,24.249999,24.125,24.125,28313600,0.366146
11/13/1984,24.125,24.625,23.5,23.5,31668000,0.35666
11/14/1984,23.75,24,23.75,23.75,26084800,0.360454
11/15/1984,23.75,24,23.75,23.75,26650400,0.360454
11/16/1984,23.75,24.125,23.125,23.25,41440000,0.352866
11/19/1984,23.25,23.374999,21.875,21.875,58245600,0.331997
11/20/1984,22.625,22.75,22.625,22.625,65811200,0.34338
11/21/1984,23.125,23.25,23.125,23.125,44682400,0.350968
11/23/1984,23.374999,24.125,23.374999,23.75,34272000,0.360454
11/26/1984,24,24,24,24,25160800,0.364248
11/27/1984,24.625,24.875,24.625,24.625,31852800,0.373734
11/28/1984,25.875,26.500001,25.875,25.875,102631200,0.392705
11/29/1984,25.875,25.875,25.375,25.375,43719200,0.385117
11/30/1984,25.375,25.625001,24.625,24.750001,27176800,0.375631
12/3/1984,24.750001,24.875,24.375,24.375,24500000,0.36994
12/4/1984,24.875,25.375,24.875,24.875,30094400,0.377528
12/5/1984,26.125,26.125,26.125,26.125,65727200,0.3965
12/6/1984,27.375001,27.5,27.375001,27.375001,79318400,0.415471
12/7/1984,27.375001,28.374999,27.125,27.25,123631200,0.413574
12/10/1984,27.25,27.25,26.75,26.75,27871200,0.405985
12/11/1984,26.75,27.125,26.375,26.375,30945600,0.400294
12/12/1984,26.375,26.375,25.5,25.5,27518400,0.387014
12/13/1984,25.75,26.25,25.75,25.75,16710400,0.390808
12/14/1984,25.75,26.625,25.75,26.375,24035200,0.400294
12/17/1984,27,27.25,27,27,31309600,0.409779
12/18/1984,28.625001,28.75,28.625001,28.625001,85142400,0.434442
12/19/1984,28.625001,28.75,27.5,27.5,79374400,0.417368
12/20/1984,27.5,28,27.375001,27.375001,34960800,0.415471
12/21/1984,27.375001,27.5,26.75,27,30973600,0.409779
12/24/1984,27.5,27.625,27.5,27.5,16884000,0.417368
12/26/1984,27.625,27.875,27.625,27.625,16794400,0.419265
12/27/1984,27.749999,27.875,27.749999,27.749999,24690400,0.421162
12/28/1984,27.749999,28.875,27.625,28.75,41333600,0.436339
12/31/1984,29.124999,29.249999,29.124999,29.124999,51940000,0.442031
1/2/1985,29.124999,29.124999,27.875,27.875,43825600,0.423059
1/3/1985,28.374999,29.124999,28.374999,28.374999,41652800,0.430648
1/4/1985,28.374999,28.500001,28,28.374999,34316800,0.430648
1/7/1985,28.374999,28.500001,28.249999,28.249999,42728000,0.428751
1/8/1985,28.249999,28.500001,28,28,35280000,0.424956
1/9/1985,28.75,29.124999,28.75,28.75,41680800,0.436339
1/10/1985,29.999999,30.124999,29.999999,29.999999,69266400,0.45531
1/11/1985,29.999999,30.250001,29.500001,29.75,51262400,0.451516
1/14/1985,30.625,30.874999,30.625,30.625,67608800,0.464796
1/15/1985,30.625,31.125001,29.999999,29.999999,66242400,0.45531
1/16/1985,30.250001,30.75,30.250001,30.250001,47471200,0.459105
1/17/1985,30.250001,30.75,28.125,28.125,136880800,0.426854
1/18/1985,28.125,29.249999,28,28.625001,88166400,0.434442
1/21/1985,29.249999,29.500001,29.249999,29.249999,81356800,0.443928
1/22/1985,30.124999,30.250001,30.124999,30.124999,106209600,0.457208
1/23/1985,30.124999,30.250001,29.625,29.625,107626400,0.449619
1/24/1985,29.625,29.625,29,29,99265600,0.440133
1/25/1985,29,29.625,28.374999,29.625,79615200,0.449619
1/28/1985,30.250001,30.625,30.250001,30.250001,103045600,0.459105
1/29/1985,30.250001,30.5,29.875,29.875,55932800,0.453413
1/30/1985,29.875,30.5,29.875,29.875,123110400,0.453413
1/31/1985,29.875,29.999999,29,29,69059200,0.440133
2/1/1985,29,29.124999,28.374999,28.625001,34434400,0.434442
2/4/1985,29.249999,29.375001,29.249999,29.249999,54504800,0.443928
2/5/1985,29.500001,29.999999,29.500001,29.500001,47510400,0.447722
2/6/1985,29.999999,29.999999,29.999999,29.999999,48608000,0.45531
2/7/1985,29.999999,30.375001,29.875,29.875,61370400,0.453413
2/8/1985,29.875,29.999999,29.500001,29.875,33006400,0.453413
2/11/1985,30.5,30.75,30.5,30.5,86738400,0.462899
2/12/1985,30.5,30.625,29.75,29.75,56627200,0.451516
2/13/1985,29.75,29.75,28.374999,28.374999,131756800,0.430648
2/14/1985,28.374999,28.625001,27.625,27.625,106708000,0.419265
2/15/1985,27.625,28.125,27.375001,28,43405600,0.424956
2/19/1985,27.875,27.875,27.625,27.625,37458400,0.419265
2/20/1985,27.625,27.749999,26.375,26.375,54992000,0.400294
2/21/1985,26.874999,27,26.874999,26.874999,77056000,0.407882
2/22/1985,26.874999,27.875,26.874999,27.625,56632800,0.419265
2/25/1985,27.625,27.749999,27.25,27.25,24634400,0.413574
2/26/1985,27.25,27.375001,26.75,26.75,47241600,0.405985
2/27/1985,26.75,26.75,25.124999,25.124999,100895200,0.381323
2/28/1985,25.124999,25.124999,24.750001,24.750001,79766400,0.375631
3/1/1985,24.750001,24.875,24,24.875,61857600,0.377528
3/4/1985,25.25,25.999999,25.25,25.25,38276000,0.38322
3/5/1985,25.875,25.875,25.875,25.875,32692800,0.392705
3/6/1985,25.875,25.875,24.625,24.625,48400800,0.373734
3/7/1985,24.625,24.750001,22.125001,22.125001,183495200,0.335791
3/8/1985,22.125001,22.125001,20.749999,21.5,118389600,0.326306
3/11/1985,22.25,22.375,22.25,22.25,71500800,0.337689
3/12/1985,23.000001,23.25,23.000001,23.000001,54857600,0.349071
3/13/1985,23.000001,23.000001,21.75,21.75,62781600,0.3301
3/14/1985,21.75,21.875,21.75,21.75,60401600,0.3301
3/15/1985,21.75,23.125,21.624999,22.625,45354400,0.34338
3/18/1985,22.875,23.125,22.875,22.875,31192000,0.347174
3/19/1985,22.875,23.125,22,22,42862400,0.333894
3/20/1985,22.25,22.625,22.25,22.25,101242400,0.337689
3/21/1985,22.625,23.000001,22.625,22.625,40616800,0.34338
3/22/1985,22.625,23.000001,22.25,22.25,20092800,0.337689
3/25/1985,22.25,22.25,21.624999,21.624999,27490400,0.328203
3/26/1985,22.499999,22.499999,22.499999,22.499999,30357600,0.341483
3/27/1985,22.499999,22.75,21.875,21.875,27837600,0.331997
3/28/1985,21.875,22.25,21.875,21.875,32401600,0.331997
3/29/1985,21.875,22.25,21.875,22.125001,21795200,0.335791
4/1/1985,22.125001,22.625,21.624999,21.624999,28515200,0.328203
4/2/1985,21.624999,21.75,21,21,56856800,0.318717
4/3/1985,21,21.125,21,21,60664800,0.318717
4/4/1985,21,21.125,20.625,20.875,40465600,0.31682
4/8/1985,20.875,21,19.625,19.625,49683200,0.297849
4/9/1985,19.625,19.75,19.625,19.625,65973600,0.297849
4/10/1985,21,21.250001,21,21,56728000,0.318717
4/11/1985,21.375,22,21.375,21.375,36668800,0.324409
4/12/1985,21.375,21.375,20.749999,20.875,18132800,0.31682
4/15/1985,21.375,21.624999,21.375,21.375,14957600,0.324409
4/16/1985,21.624999,21.75,21.624999,21.624999,16912000,0.328203
4/17/1985,22.625,22.875,22.625,22.625,30811200,0.34338
4/18/1985,22.875,23.000001,22.875,22.875,50607200,0.347174
4/19/1985,22.875,22.875,22.375,22.499999,24007200,0.341483
4/22/1985,22.499999,22.499999,21.624999,21.624999,25648000,0.328203
4/23/1985,22.125001,22.25,22.125001,22.125001,29573600,0.335791
4/24/1985,22.125001,22.499999,22,22,19734400,0.333894
4/25/1985,22,22.125001,22,22,21907200,0.333894
4/26/1985,22,22.625,21.875,21.875,29926400,0.331997
4/29/1985,21.875,22,21.125,21.125,15551200,0.320614
4/30/1985,21.250001,21.375,21.250001,21.250001,23682400,0.322512
5/1/1985,21.250001,21.375,20.875,20.875,14336000,0.31682
5/2/1985,20.625,20.625,19.25,19.25,82443200,0.292158
5/3/1985,19.25,20.125,19.25,20,39530400,0.30354
5/6/1985,20,20.25,19.75,19.75,14033600,0.299746
5/7/1985,20,20,20,20,26902400,0.30354
5/8/1985,19.874999,19.874999,19.874999,19.874999,36097600,0.301643
5/9/1985,20,20.125,20,20,31768800,0.30354
5/10/1985,20,20.5,20,20.25,34020000,0.307335
5/13/1985,20.25,20.375001,20,20,21806400,0.30354
5/14/1985,20,20.125,19.75,19.75,30436000,0.299746
5/15/1985,20,20.375001,20,20,32608800,0.30354
5/16/1985,21.375,22,21.375,21.375,57635200,0.324409
5/17/1985,21.375,22.125001,21.250001,21.75,52964800,0.3301
5/20/1985,21.75,22.25,21.375,21.375,49296800,0.324409
5/21/1985,21.250001,21.250001,20.749999,20.749999,38136000,0.314923
5/22/1985,20.749999,20.875,20.625,20.625,30139200,0.313026
5/23/1985,20.5,20.5,19.75,19.75,59791200,0.299746
5/24/1985,19.75,19.75,18.124999,18.124999,147369600,0.275083
5/28/1985,17.875,17.875,16.875001,16.875001,127741600,0.256112
5/29/1985,17.125,17.249999,17.125,17.125,61639200,0.259906
5/30/1985,17.625,17.875,17.625,17.625,78730400,0.267495
5/31/1985,17.625,18,17.375,17.375,92355200,0.263701
6/3/1985,17,17,16.000001,16.000001,144004000,0.242832
6/4/1985,17.249999,17.375,17.249999,17.249999,100480800,0.261804
6/5/1985,17.249999,17.750001,16.875001,16.875001,71601600,0.256112
6/6/1985,17,17,17,17,67799200,0.258009
6/7/1985,17,17,16.374999,16.374999,118809600,0.248524
6/10/1985,16.374999,16.5,16.125,16.125,79032800,0.244729
6/11/1985,16.125,16.5,16.125,16.125,75180000,0.244729
6/12/1985,16.125,16.25,15.75,15.75,61997600,0.239038
6/13/1985,15.75,15.875,14.875,14.875,94880800,0.225758
6/14/1985,14.875,15.75,14.75,14.75,141416800,0.223861
6/17/1985,14.875,15,14.875,14.875,59085600,0.225758
6/18/1985,15.25,15.499999,15.25,15.25,66304000,0.231449
6/19/1985,15.625,15.875,15.625,15.625,42996800,0.237141
6/20/1985,15.75,15.75,15.75,15.75,47700800,0.239038
6/21/1985,16.125,16.5,16.125,16.125,41535200,0.244729
6/24/1985,17.249999,17.5,17.249999,17.249999,51441600,0.261804
6/25/1985,17.5,17.875,17.5,17.5,73477600,0.265598
6/26/1985,18.124999,18.124999,18.124999,18.124999,33051200,0.275083
6/27/1985,18.375,18.5,18.375,18.375,48115200,0.278878
6/28/1985,18.375,18.5,18,18,33936000,0.273186
7/1/1985,18.124999,18.25,18.124999,18.124999,25860800,0.275083
7/2/1985,18.124999,18.25,17.249999,17.249999,19432000,0.261804
7/3/1985,17.5,17.5,17.5,17.5,17124800,0.265598
7/5/1985,17.625,17.750001,17.625,17.625,9144800,0.267495
7/8/1985,17.625,17.750001,17.625,17.625,23055200,0.267495
7/9/1985,17.625,17.750001,17.625,17.625,36976800,0.267495
7/10/1985,18,18,18,18,26510400,0.273186
7/11/1985,18,18.124999,18,18,16223200,0.273186
7/12/1985,18,18,17.875,17.875,11760000,0.271289
7/15/1985,17.875,18.25,17.750001,17.750001,19420800,0.269392
7/16/1985,17.750001,17.875,17.5,17.5,35840000,0.265598
7/17/1985,17.625,17.875,17.625,17.625,29545600,0.267495
7/18/1985,17.625,17.625,17.249999,17.249999,44766400,0.261804
7/19/1985,17.375,17.375,17.375,17.375,28728000,0.263701
7/22/1985,17.375,17.375,16.875001,16.875001,48076000,0.256112
7/23/1985,16.875001,17.125,16.5,16.5,42173600,0.250421
7/24/1985,16.5,16.75,16.25,16.25,42179200,0.246627
7/25/1985,16.625,16.75,16.625,16.625,78769600,0.252318
7/26/1985,16.625,16.75,16.625,16.625,32631200,0.252318
7/29/1985,16.625,16.625,16.000001,16.000001,19437600,0.242832
7/30/1985,16.25,16.374999,16.25,16.25,22366400,0.246627
7/31/1985,16.25,16.374999,15.875,15.875,20126400,0.240935
8/1/1985,15.875,16.125,15.875,15.875,12891200,0.240935
8/2/1985,15.875,15.875,15.75,15.75,24354400,0.239038
8/5/1985,15.75,15.875,15.375,15.375,23083200,0.233347
8/6/1985,15.375,15.75,15.25,15.25,15769600,0.231449
8/7/1985,15.25,16.000001,14.875,14.875,37934400,0.225758
8/8/1985,15.125001,15.25,15.125001,15.125001,36943200,0.229552
8/9/1985,15.25,15.25,15.25,15.25,15237600,0.231449
8/12/1985,15.25,15.25,15,15,13748000,0.227655
8/13/1985,15.25,15.499999,15.25,15.25,10595200,0.231449
8/14/1985,15.25,15.25,14.624999,14.624999,72475200,0.221964
8/15/1985,14.624999,14.75,14.5,14.5,26297600,0.220067
8/16/1985,14.624999,14.875,14.624999,14.624999,20938400,0.221964
8/19/1985,15,15.25,15,15,11967200,0.227655
8/20/1985,15.25,15.25,15.25,15.25,16738400,0.231449
8/21/1985,15.25,15.25,15.25,15.25,19252800,0.231449
8/22/1985,15.25,15.25,14.875,14.875,30828000,0.225758
8/23/1985,14.875,15,14.75,14.75,11004000,0.223861
8/26/1985,15.125001,15.125001,15.125001,15.125001,8915200,0.229552
8/27/1985,15.25,15.25,15.25,15.25,10729600,0.231449
8/28/1985,15.25,15.375,15.25,15.25,10236800,0.231449
8/29/1985,15.25,15.25,14.875,14.875,14028000,0.225758
8/30/1985,15,15,15,15,10718400,0.227655
9/3/1985,15,15,14.75,14.75,9363200,0.223861
9/4/1985,14.875,15.125001,14.875,14.875,11888800,0.225758
9/5/1985,14.875,15,14.875,14.875,8204000,0.225758
9/6/1985,15,15,15,15,23200800,0.227655
9/9/1985,15.25,15.375,15.25,15.25,33079200,0.231449
9/10/1985,15.375,15.625,15.375,15.375,30441600,0.233347
9/11/1985,15.499999,15.625,15.499999,15.499999,21772800,0.235244
9/12/1985,16.125,16.125,16.125,16.125,27792800,0.244729
9/13/1985,16.125,16.125,15.75,15.75,17634400,0.239038
9/16/1985,15.75,15.75,15.25,15.25,9245600,0.231449
9/17/1985,15.25,15.25,15.25,15.25,45936800,0.231449
9/18/1985,16.25,16.25,16.25,16.25,30021600,0.246627
9/19/1985,17,17,17,17,46580800,0.258009
9/20/1985,17,17.125,16.75,16.75,33807200,0.254215
9/23/1985,16.875001,17.125,16.875001,16.875001,29646400,0.256112
9/24/1985,16.875001,17.249999,16.5,16.5,22024800,0.250421
9/25/1985,16.5,16.5,15.875,15.875,26124000,0.240935
9/26/1985,15.875,16.000001,15.875,15.875,13372800,0.240935
9/27/1985,15.88,16,15.88,15.88,250400,0.241011
9/30/1985,15.875,16.000001,15.75,15.75,9161600,0.239038
10/1/1985,15.75,15.875,15.75,15.75,22086400,0.239038
10/2/1985,15.75,15.875,15.625,15.625,5376000,0.237141
10/3/1985,15.625,15.625,15.499999,15.499999,12230400,0.235244
10/4/1985,15.499999,15.499999,15,15,17382400,0.227655
10/7/1985,15,15.25,15,15,22982400,0.227655
10/8/1985,15.125001,15.125001,15.125001,15.125001,21744800,0.229552
10/9/1985,15.125001,15.25,15,15,20703200,0.227655
10/10/1985,15.875,16.000001,15.875,15.875,65436000,0.240935
10/11/1985,16.000001,16.25,16.000001,16.000001,29573600,0.242832
10/14/1985,16.625,16.625,16.625,16.625,38796800,0.252318
10/15/1985,17,17.125,17,17,73472000,0.258009
10/16/1985,18,18.124999,18,18,72111200,0.273186
10/17/1985,18.25,19.125,18.25,18.25,87046400,0.276981
10/18/1985,18.25,18.375,17.750001,17.750001,57607200,0.269392
10/21/1985,17.750001,17.750001,17.249999,17.249999,29719200,0.261804
10/22/1985,18,18.25,18,18,106136800,0.273186
10/23/1985,18,18.5,18,18,37094400,0.273186
10/24/1985,18.375,18.875,18.375,18.375,68157600,0.278878
10/25/1985,18.375,18.375,18,18,15820000,0.273186
10/28/1985,18,18.124999,18,18,14868000,0.273186
10/29/1985,18,18,17.875,17.875,32720800,0.271289
10/30/1985,18.999999,18.999999,18.999999,18.999999,56644000,0.288363
10/31/1985,18.999999,19.25,18.625001,18.625001,38768800,0.282672
11/1/1985,18.625001,18.999999,18.625001,18.625001,23139200,0.282672
11/4/1985,18.75,19.125,18.75,18.75,38931200,0.284569
11/5/1985,18.75,19.125,18.625001,18.625001,26885600,0.282672
11/6/1985,19.25,19.375,19.25,19.25,50114400,0.292158
11/7/1985,19.625,19.874999,19.625,19.625,79284800,0.297849
11/8/1985,20.5,20.749999,20.5,20.5,73528000,0.311129
11/11/1985,20.5,20.749999,20,20,44693600,0.30354
11/12/1985,20,20.25,19.874999,19.874999,43411200,0.301643
11/13/1985,19.874999,19.874999,19.375,19.375,25390400,0.294055
11/14/1985,20,20.125,20,20,34876800,0.30354
11/15/1985,20,20.25,19.874999,19.874999,20395200,0.301643
11/18/1985,19.874999,20,19.874999,19.874999,16139200,0.301643
11/19/1985,19.874999,20,19.25,19.25,23581600,0.292158
11/20/1985,19.25,19.375,18.999999,18.999999,24768800,0.288363
11/21/1985,18.999999,19.25,18.999999,18.999999,25737600,0.288363
11/22/1985,18.999999,19.25,18.875,18.999999,32188800,0.288363
11/25/1985,18.999999,19.25,18.999999,19.125,24298400,0.29026
11/26/1985,19.125,19.500001,18.999999,19.375,41115200,0.294055
11/27/1985,19.375,20.125,19.25,20,47930400,0.30354
11/29/1985,20,20.125,19.874999,20.125,24757600,0.305437
12/2/1985,20.125,20.25,20,20.25,25048800,0.307335
12/3/1985,20.25,20.375001,20,20.125,38768800,0.305437
12/4/1985,20.125,20.625,20.125,20.5,41277600,0.311129
12/5/1985,20.5,20.749999,20,20.125,31287200,0.305437
12/6/1985,20.125,20.125,19.625,19.75,16363200,0.299746
12/9/1985,19.75,20,19.25,19.375,34966400,0.294055
12/10/1985,19.375,19.625,19.25,19.500001,50226400,0.295952
12/11/1985,19.500001,20.125,19.500001,19.75,59404800,0.299746
12/12/1985,19.874999,20.25,19.874999,20,31315200,0.30354
12/13/1985,20,20.25,19.75,20,62787200,0.30354
12/16/1985,20,21.250001,20,20.875,72228800,0.31682
12/17/1985,20.875,21,20.375001,20.625,27266400,0.313026
12/18/1985,21.375,22.875,21.375,22.25,139949600,0.337689
12/19/1985,22.25,22.75,22.125001,22.499999,67530400,0.341483
12/20/1985,22.499999,22.75,22.25,22.375,51508800,0.339586
12/23/1985,22.375,22.499999,21.624999,21.875,35806400,0.331997
12/24/1985,21.875,22,21.624999,21.75,16150400,0.3301
12/26/1985,21.75,22,21.624999,21.75,11463200,0.3301
12/27/1985,21.75,22.625,21.75,22.375,30721600,0.339586
12/30/1985,22.375,22.625,22.125001,22.25,26919200,0.337689
12/31/1985,22.25,22.375,22,22,21812000,0.333894